date,gs2
1988-01-01,7.63
1988-02-01,7.18
1988-03-01,7.27
1988-04-01,7.59
1988-05-01,8.0
1988-06-01,8.03
1988-07-01,8.28
1988-08-01,8.63
1988-09-01,8.46
1988-10-01,8.35
1988-11-01,8.67
1988-12-01,9.09
1989-01-01,9.18
1989-02-01,9.37
1989-03-01,9.68
1989-04-01,9.45
1989-05-01,9.02
1989-06-01,8.41
1989-07-01,7.82
1989-08-01,8.14
1989-09-01,8.28
1989-10-01,7.98
1989-11-01,7.8
1989-12-01,7.78
1990-01-01,8.09
1990-02-01,8.37
1990-03-01,8.63
1990-04-01,8.72
1990-05-01,8.64
1990-06-01,8.35
1990-07-01,8.16
1990-08-01,8.06
1990-09-01,8.08
1990-10-01,7.88
1990-11-01,7.6
1990-12-01,7.31
1991-01-01,7.13
1991-02-01,6.87
1991-03-01,7.1
1991-04-01,6.95
1991-05-01,6.78
1991-06-01,6.96
1991-07-01,6.92
1991-08-01,6.43
1991-09-01,6.18
1991-10-01,5.91
1991-11-01,5.56
1991-12-01,5.03
1992-01-01,4.96
1992-02-01,5.21
1992-03-01,5.69
1992-04-01,5.34
1992-05-01,5.23
1992-06-01,5.05
1992-07-01,4.36
1992-08-01,4.19
1992-09-01,3.89
1992-10-01,4.08
1992-11-01,4.58
1992-12-01,4.67
1993-01-01,4.39
1993-02-01,4.1
1993-03-01,3.95
1993-04-01,3.84
1993-05-01,3.98
1993-06-01,4.16
1993-07-01,4.07
1993-08-01,4.0
1993-09-01,3.85
1993-10-01,3.87
1993-11-01,4.16
1993-12-01,4.21
1994-01-01,4.14
1994-02-01,4.47
1994-03-01,5.0
1994-04-01,5.55
1994-05-01,5.97
1994-06-01,5.93
1994-07-01,6.13
1994-08-01,6.18
1994-09-01,6.39
1994-10-01,6.73
1994-11-01,7.15
1994-12-01,7.59
1995-01-01,7.51
1995-02-01,7.11
1995-03-01,6.78
1995-04-01,6.57
1995-05-01,6.17
1995-06-01,5.72
1995-07-01,5.78
1995-08-01,5.98
1995-09-01,5.81
1995-10-01,5.7
1995-11-01,5.48
1995-12-01,5.32
1996-01-01,5.11
1996-02-01,5.03
1996-03-01,5.66
1996-04-01,5.96
1996-05-01,6.1
1996-06-01,6.3
1996-07-01,6.27
1996-08-01,6.03
1996-09-01,6.23
1996-10-01,5.91
1996-11-01,5.7
1996-12-01,5.78
1997-01-01,6.01
1997-02-01,5.9
1997-03-01,6.22
1997-04-01,6.45
1997-05-01,6.28
1997-06-01,6.09
1997-07-01,5.89
1997-08-01,5.94
1997-09-01,5.88
1997-10-01,5.77
1997-11-01,5.71
1997-12-01,5.72
1998-01-01,5.36
1998-02-01,5.42
1998-03-01,5.56
1998-04-01,5.56
1998-05-01,5.59
1998-06-01,5.52
1998-07-01,5.46
1998-08-01,5.27
1998-09-01,4.67
1998-10-01,4.09
1998-11-01,4.54
1998-12-01,4.51
1999-01-01,4.62
1999-02-01,4.88
1999-03-01,5.05
1999-04-01,4.98
1999-05-01,5.25
1999-06-01,5.62
1999-07-01,5.55
1999-08-01,5.68
1999-09-01,5.66
1999-10-01,5.86
1999-11-01,5.86
1999-12-01,6.1
2000-01-01,6.44
2000-02-01,6.61
2000-03-01,6.53
2000-04-01,6.4
2000-05-01,6.81
2000-06-01,6.48
2000-07-01,6.34
2000-08-01,6.23
2000-09-01,6.08
2000-10-01,5.91
2000-11-01,5.88
2000-12-01,5.35
2001-01-01,4.76
2001-02-01,4.66
2001-03-01,4.34
2001-04-01,4.23
2001-05-01,4.26
2001-06-01,4.08
2001-07-01,4.04
2001-08-01,3.76
2001-09-01,3.12
2001-10-01,2.73
2001-11-01,2.78
2001-12-01,3.11
2002-01-01,3.03
2002-02-01,3.02
2002-03-01,3.56
2002-04-01,3.42
2002-05-01,3.26
2002-06-01,2.99
2002-07-01,2.56
2002-08-01,2.13
2002-09-01,2.0
2002-10-01,1.91
2002-11-01,1.92
2002-12-01,1.84
2003-01-01,1.74
2003-02-01,1.63
2003-03-01,1.57
2003-04-01,1.62
2003-05-01,1.42
2003-06-01,1.23
2003-07-01,1.47
2003-08-01,1.86
2003-09-01,1.71
2003-10-01,1.75
2003-11-01,1.93
2003-12-01,1.91
2004-01-01,1.76
2004-02-01,1.74
2004-03-01,1.58
2004-04-01,2.07
2004-05-01,2.53
2004-06-01,2.76
2004-07-01,2.64
2004-08-01,2.51
2004-09-01,2.53
2004-10-01,2.58
2004-11-01,2.85
2004-12-01,3.01
2005-01-01,3.22
2005-02-01,3.38
2005-03-01,3.73
2005-04-01,3.65
2005-05-01,3.64
2005-06-01,3.64
2005-07-01,3.87
2005-08-01,4.04
2005-09-01,3.95
2005-10-01,4.27
2005-11-01,4.42
2005-12-01,4.4
2006-01-01,4.4
2006-02-01,4.67
2006-03-01,4.73
2006-04-01,4.89
2006-05-01,4.97
2006-06-01,5.12
2006-07-01,5.12
2006-08-01,4.9
2006-09-01,4.77
2006-10-01,4.8
2006-11-01,4.74
2006-12-01,4.67
2007-01-01,4.88
2007-02-01,4.85
2007-03-01,4.57
2007-04-01,4.67
2007-05-01,4.77
2007-06-01,4.98
2007-07-01,4.82
2007-08-01,4.31
2007-09-01,4.01
2007-10-01,3.97
2007-11-01,3.34
2007-12-01,3.12
2008-01-01,2.48
2008-02-01,1.97
2008-03-01,1.62
2008-04-01,2.05
2008-05-01,2.45
2008-06-01,2.77
2008-07-01,2.57
2008-08-01,2.42
2008-09-01,2.08
2008-10-01,1.61
2008-11-01,1.21
2008-12-01,0.82
2009-01-01,0.81
2009-02-01,0.98
2009-03-01,0.93
2009-04-01,0.93
2009-05-01,0.93
2009-06-01,1.18
2009-07-01,1.02
2009-08-01,1.12
2009-09-01,0.96
2009-10-01,0.95
2009-11-01,0.8
2009-12-01,0.87
2010-01-01,0.93
2010-02-01,0.86
2010-03-01,0.96
2010-04-01,1.06
2010-05-01,0.83
2010-06-01,0.72
2010-07-01,0.62
2010-08-01,0.52
2010-09-01,0.48
2010-10-01,0.38
2010-11-01,0.45
2010-12-01,0.62
2011-01-01,0.61
2011-02-01,0.77
2011-03-01,0.7
2011-04-01,0.73
2011-05-01,0.56
2011-06-01,0.41
2011-07-01,0.41
2011-08-01,0.23
2011-09-01,0.21
2011-10-01,0.28
2011-11-01,0.25
2011-12-01,0.26
2012-01-01,0.24
2012-02-01,0.28
2012-03-01,0.34
2012-04-01,0.29
2012-05-01,0.29
2012-06-01,0.29
2012-07-01,0.25
2012-08-01,0.27
2012-09-01,0.26
2012-10-01,0.28
2012-11-01,0.27
2012-12-01,0.26
2013-01-01,0.27
2013-02-01,0.27
2013-03-01,0.26
2013-04-01,0.23
2013-05-01,0.25
2013-06-01,0.33
2013-07-01,0.34
2013-08-01,0.36
2013-09-01,0.4
2013-10-01,0.34
2013-11-01,0.3
2013-12-01,0.34
2014-01-01,0.39
2014-02-01,0.33
2014-03-01,0.4
2014-04-01,0.42
2014-05-01,0.39
2014-06-01,0.45
2014-07-01,0.51
2014-08-01,0.47
2014-09-01,0.57
2014-10-01,0.45
2014-11-01,0.53
2014-12-01,0.64
2015-01-01,0.55
2015-02-01,0.62
2015-03-01,0.64
2015-04-01,0.54
2015-05-01,0.61
2015-06-01,0.69
2015-07-01,0.67
2015-08-01,0.7
2015-09-01,0.71
2015-10-01,0.64
2015-11-01,0.88
2015-12-01,0.98
2016-01-01,0.9
2016-02-01,0.73
2016-03-01,0.88
2016-04-01,0.77
2016-05-01,0.82
2016-06-01,0.73
2016-07-01,0.67
2016-08-01,0.74
2016-09-01,0.77
2016-10-01,0.84
2016-11-01,0.98
2016-12-01,1.2
2017-01-01,1.21
2017-02-01,1.2
2017-03-01,1.31
2017-04-01,1.24
2017-05-01,1.3
2017-06-01,1.34
2017-07-01,1.37
2017-08-01,1.34
2017-09-01,1.38
2017-10-01,1.55
2017-11-01,1.7
2017-12-01,1.84
2018-01-01,2.03
2018-02-01,2.18
2018-03-01,2.28
2018-04-01,2.38
2018-05-01,2.51
2018-06-01,2.53
2018-07-01,2.61
2018-08-01,2.64
2018-09-01,2.77
2018-10-01,2.86
2018-11-01,2.86
2018-12-01,2.68
2019-01-01,2.54
2019-02-01,2.5
2019-03-01,2.41
2019-04-01,2.34
2019-05-01,2.21
2019-06-01,1.81
2019-07-01,1.84
2019-08-01,1.57
2019-09-01,1.65
2019-10-01,1.55
2019-11-01,1.61
2019-12-01,1.61
2020-01-01,1.52
2020-02-01,1.33
2020-03-01,0.45
2020-04-01,0.22
2020-05-01,0.17
2020-06-01,0.19
2020-07-01,0.15
2020-08-01,0.14
2020-09-01,0.13
2020-10-01,0.15
2020-11-01,0.17
2020-12-01,0.14
2021-01-01,0.13
2021-02-01,0.12
2021-03-01,0.15
2021-04-01,0.16
2021-05-01,0.16
2021-06-01,0.2
2021-07-01,0.22
2021-08-01,0.22
2021-09-01,0.24
2021-10-01,0.39
2021-11-01,0.51
2021-12-01,0.68
2022-01-01,0.98
2022-02-01,1.44
2022-03-01,1.91
2022-04-01,2.54
2022-05-01,2.62
2022-06-01,3.0
2022-07-01,3.04
2022-08-01,3.25
2022-09-01,3.86
2022-10-01,4.38
2022-11-01,4.5
2022-12-01,4.29
2023-01-01,4.21
2023-02-01,4.53
2023-03-01,4.3
2023-04-01,4.02
2023-05-01,4.13
2023-06-01,4.64
2023-07-01,4.83
2023-08-01,4.9
2023-09-01,5.02
2023-10-01,5.07
2023-11-01,4.88
2023-12-01,4.46
2024-01-01,4.32
2024-02-01,4.54
2024-03-01,4.59
2024-04-01,4.87
2024-05-01,4.86
2024-06-01,4.74
2024-07-01,4.5
2024-08-01,3.97
2024-09-01,3.62
2024-10-01,3.97
2024-11-01,4.26
2024-12-01,4.23
2025-01-01,4.27
2025-02-01,4.21
2025-03-01,3.97
2025-04-01,3.78
2025-05-01,3.92
2025-06-01,3.89
2025-07-01,3.88
2025-08-01,3.7
2025-09-01,3.57
2025-10-01,3.52
2025-11-01,3.55
2025-12-01,3.5
2026-01-01,3.54
2026-02-01,3.47
2026-03-01,3.71
2026-04-01,3.8
